name,path
Homelab Groups,"DC=homelab, DC=local"
Homelab Users,"DC=homelab, DC=local"
Marketing,"OU=homelab Users,DC=homelab, DC=local"
HR,"OU=homelab Users,DC=homelab, DC=local"
IT,"OU=homelab Users,DC=homelab, DC=local"
Accounting,"OU=homelab Users,DC=homelab, DC=local"
Management,"OU=homelab Users,DC=homelab, DC=local"
PR,"OU=homelab Users,DC=homelab, DC=local"
Operations,"OU=homelab Users,DC=homelab, DC=local"
Legal,"OU=homelab Users,DC=homelab, DC=local"
Purchasing,"OU=homelab Users,DC=homelab, DC=local"
Homelab Computers,"DC=homelab, DC=local"
Marketing,"OU=homelab Computers,DC=homelab, DC=local"
HR,"OU=homelab Computers,DC=homelab, DC=local"
IT,"OU=homelab Computers,DC=homelab, DC=local"
Accounting,"OU=homelab Computers,DC=homelab, DC=local"
Management,"OU=homelab Computers,DC=homelab, DC=local"
PR,"OU=homelab Computers,DC=homelab, DC=local"
Operations,"OU=homelab Computers,DC=homelab, DC=local"
Legal,"OU=homelab Computers,DC=homelab, DC=local"
Purchasing,"OU=homelab Computers,DC=homelab, DC=local"